p,t,u,v,speed,rh,time,h,report_id
 30.3,336.34999999999997,0.004019477766559604,-0.009156625933395609,0.01,0,19S7-21-47 12:00:00+00,0.1271,19S72147
 30.5,336.04999999999995,0.004848114633100831,-0.029605671492204215,0.03,0,19S7-21-47 12:00:00+00,0.13190000000000002,19S72147
 30.6,335.95,0.008350386057603952,-0.059416084124494215,0.06,0,19S7-21-47 12:00:00+00,0.132,19S72147
 30.8,336.04999999999995,0.0012216089076326382,-0.04998507448905916,0.05,0,19S7-21-47 12:00:00+00,0.13340000000000002,19S72147
 30.9,335.84999999999997,0.0024419415813942747,-0.03992539193687468,0.04,0,19S7-21-47 12:00:00+00,0.1336,19S72147
 30.9,335.75,0.004326305038782058,-0.07988293362609694,0.08,0,19S7-21-47 12:00:00+00,0.13369999999999999,19S72147
 25.3,369.15,-0.0,-0.0,0.0,0,19S7-21-47 12:00:00+00,0.1365,19S72147
 30.6,335.84999999999997,0.008626117726820202,-0.08958565785304608,0.09,0,19S7-21-47 12:00:00+00,0.1373,19S72147
 30.8,335.75,-0.0009946553516557881,-0.029983506478252715,0.03,0,19S7-21-47 12:00:00+00,0.1373,19S72147
 30.6,335.84999999999997,0.002197145913828954,-0.02991943431673374,0.03,0,19S7-21-47 12:00:00+00,0.1375,19S72147
 30.6,335.84999999999997,0.0021252814267246787,-0.019886758882664092,0.02,0,19S7-21-47 12:00:00+00,0.1375,19S72147
 30.9,335.65,0.000872387747306724,-0.019980964431637157,0.02,0,19S7-21-47 12:00:00+00,0.1375,19S72147
 30.9,335.75,0.003135853898029602,-0.029835656861048197,0.03,0,19S7-21-47 12:00:00+00,0.1375,19S72147
 30.9,335.65,0.00115128053919135,-0.019966836332280566,0.02,0,19S7-21-47 12:00:00+00,0.1376,19S72147
 30.7,335.65,0.0023025610783827,-0.03993367266456113,0.04,0,19S7-21-47 12:00:00+00,0.1376,19S72147
 30.9,335.75,0.0018223552549214784,-0.009832549075639544,0.01,0,19S7-21-47 12:00:00+00,0.1387,19S72147
 31.0,335.45,0.02712247648982335,-0.012820735901615768,0.03,0,19S7-21-47 12:00:00+00,0.1396,19S72147
 30.9,335.54999999999995,0.009003187714021935,-0.004352310993723277,0.01,0,19S7-21-47 12:00:00+00,0.1399,19S72147
 31.2,335.84999999999997,0.005660160688395351,-0.04967859278382938,0.05,0,19S7-21-47 12:00:00+00,0.14,19S72147
 30.9,335.75,0.013151134403672333,-0.026963821388975004,0.03,0,19S7-21-47 12:00:00+00,0.14,19S72147
 30.9,335.54999999999995,0.07184220606084925,-0.035195133588473204,0.08,0,19S7-21-47 12:00:00+00,0.1402,19S72147
 30.8,335.95,0.0018395135061272045,-0.009829353491495541,0.01,0,19S7-21-47 12:00:00+00,0.1403,19S72147
 30.8,335.84999999999997,0.004465002320219019,-0.019495223883824436,0.02,0,19S7-21-47 12:00:00+00,0.1403,19S72147
 30.8,335.95,0.005106284974980984,-0.029562236954504703,0.03,0,19S7-21-47 12:00:00+00,0.1403,19S72147
 30.8,335.84999999999997,0.002130303862749768,-0.009770455744352636,0.01,0,19S7-21-47 12:00:00+00,0.1403,19S72147
 30.9,335.65,0.00957383715881214,-0.01755965950855961,0.02,0,19S7-21-47 12:00:00+00,0.1404,19S72147
 30.8,335.84999999999997,0.005518540518381613,-0.029488060474486624,0.03,0,19S7-21-47 12:00:00+00,0.1404,19S72147
 30.8,335.95,0.0019765734037912558,-0.00980271174621722,0.01,0,19S7-21-47 12:00:00+00,0.1404,19S72147
 30.9,335.65,0.01811137598022279,-0.008483988454907805,0.02,0,19S7-21-47 12:00:00+00,0.1406,19S72147
 31.1,335.75,0.0018126516039556014,-0.019917687972319405,0.02,0,19S7-21-47 12:00:00+00,0.1406,19S72147
 31.1,335.75,0.010718894833463355,-0.0792786559771869,0.08,0,19S7-21-47 12:00:00+00,0.1407,19S72147
 30.9,335.65,0.03585945721533763,-0.017722847632967175,0.04,0,19S7-21-47 12:00:00+00,0.1408,19S72147
 25.4,343.84999999999997,-0.029581180267679228,-0.1059478823477424,0.11,0,19S7-21-47 12:00:00+00,0.1408,19S72147
 30.8,335.54999999999995,0.008526401643540921,-0.005224985647159491,0.01,0,19S7-21-47 12:00:00+00,0.1409,19S72147
 31.0,335.34999999999997,0.02994404395265601,-0.0018314561860456931,0.03,0,19S7-21-47 12:00:00+00,0.1409,19S72147
 30.8,335.54999999999995,0.01618033988749895,-0.011755705045849458,0.02,0,19S7-21-47 12:00:00+00,0.14100000000000001,19S72147
 30.8,335.54999999999995,0.016262015220940552,-0.011642459403145794,0.02,0,19S7-21-47 12:00:00+00,0.14100000000000001,19S72147
 30.9,335.65,0.008415107819453062,-0.005402403204776549,0.01,0,19S7-21-47 12:00:00+00,0.14100000000000001,19S72147
 30.8,335.65,0.02538579498382693,-0.015986288282121886,0.03,0,19S7-21-47 12:00:00+00,0.1411,19S72147
 30.8,335.65,0.03354682271781697,-0.021785561400601065,0.04,0,19S7-21-47 12:00:00+00,0.1411,19S72147
 30.8,335.65,0.008231363685344417,-0.005678437450531017,0.01,0,19S7-21-47 12:00:00+00,0.1412,19S72147
 30.8,335.75,0.024812417228236853,-0.016862501335563915,0.03,0,19S7-21-47 12:00:00+00,0.1414,19S72147
 31.1,335.25,0.07353082714041877,0.03151535276727608,0.08,0,19S7-21-47 12:00:00+00,0.1416,19S72147
 30.9,335.65,0.0057214587344551595,-0.008201518758737723,0.01,0,19S7-21-47 12:00:00+00,0.1417,19S72147
 31.1,335.34999999999997,0.029146473599929387,0.007105144381968546,0.03,0,19S7-21-47 12:00:00+00,0.1418,19S72147
 31.0,335.25,0.029219279018371545,0.006799539223105657,0.03,0,19S7-21-47 12:00:00+00,0.1418,19S72147
 31.0,335.04999999999995,0.02557920493062277,0.015674956941478458,0.03,0,19S7-21-47 12:00:00+00,0.1419,19S72147
 25.3,354.15,0.03938012719897747,-0.0070146690436795,0.04,0,19S7-21-47 12:00:00+00,0.1419,19S72147
 31.0,335.65,0.014386796006773023,-0.013893167409179945,0.02,0,19S7-21-47 12:00:00+00,0.14200000000000002,19S72147
 31.0,335.25,0.02940813523865166,0.005929720211373765,0.03,0,19S7-21-47 12:00:00+00,0.14200000000000002,19S72147
 30.9,335.25,0.016014627418974667,0.01198047197031172,0.02,0,19S7-21-47 12:00:00+00,0.1421,19S72147
 30.9,335.45,0.01495596180997064,-0.01327852425304483,0.02,0,19S7-21-47 12:00:00+00,0.1421,19S72147
 30.9,335.65,0.007793379649314739,-0.006266038113644607,0.01,0,19S7-21-47 12:00:00+00,0.1421,19S72147
 31.0,335.34999999999997,0.007524149088957245,0.006586894601186804,0.01,0,19S7-21-47 12:00:00+00,0.1422,19S72147
 31.1,335.15,-0.0,0.0,0.0,0,19S7-21-47 12:00:00+00,0.14250000000000002,19S72147
 25.2,352.25,0.2579498223417643,-0.0325866407267191,0.26,0,19S7-21-47 12:00:00+00,0.1428,19S72147
 25.4,346.54999999999995,-0.0006980962574913405,-0.039993907806255655,0.04,0,19S7-21-47 12:00:00+00,0.1445,19S72147
 25.1,349.04999999999995,-0.0057569551867238215,-0.10984924882300312,0.11,0,19S7-21-47 12:00:00+00,0.15059999999999998,19S72147
 25.6,358.84999999999997,-2.5925616825440194,-0.9466910384093233,2.76,0,19S7-21-47 12:00:00+00,0.1555,19S72147
 25.8,358.25,-1.7659507575628495,-1.5806068207695418,2.37,0,19S7-21-47 12:00:00+00,0.1687,19S72147
 25.7,357.25,-1.3337044967469283,-1.5037726940455536,2.01,0,19S7-21-47 12:00:00+00,0.1996,19S72147
 24.2,351.15,1.6094629633784123,1.4851696770110747,2.19,0,19S7-21-47 12:00:00+00,0.5514,19S72147
 23.7,352.95,1.4305579553755314,2.3836744610604397,2.78,0,19S7-21-47 12:00:00+00,0.6359,19S72147
 23.1,354.04999999999995,1.2596086352968399,2.263070057661855,2.59,0,19S7-21-47 12:00:00+00,0.6939,19S72147
 23.0,354.04999999999995,1.199334258233886,2.374278277082654,2.66,0,19S7-21-47 12:00:00+00,0.7074,19S72147
 22.9,354.15,1.2077606468743696,2.2571916666206273,2.56,0,19S7-21-47 12:00:00+00,0.7208,19S72147
 21.9,355.54999999999995,0.24034171842462573,2.0459315380492815,2.06,0,19S7-21-47 12:00:00+00,0.839,19S72147
 21.6,355.15,-0.4965706106201686,2.0095565751350004,2.07,0,19S7-21-47 12:00:00+00,0.9124,19S72147
 21.5,355.54999999999995,-0.5918164538688392,2.0357193531845477,2.12,0,19S7-21-47 12:00:00+00,0.9215,19S72147
 21.5,355.54999999999995,-0.6979856469246609,2.1179509051645087,2.23,0,19S7-21-47 12:00:00+00,0.926,19S72147
 21.1,356.95,-0.8727969634526702,1.9429682088464026,2.13,0,19S7-21-47 12:00:00+00,0.9624,19S72147
 20.7,358.34999999999997,-1.0504119192817432,1.9897574726159077,2.25,0,19S7-21-47 12:00:00+00,0.9985,19S72147
 20.6,360.54999999999995,-1.1285549007147986,2.163322406871572,2.44,0,19S7-21-47 12:00:00+00,1.0431,19S72147
 20.5,359.45,-1.2604331866997476,2.444137512879731,2.75,0,19S7-21-47 12:00:00+00,1.1227,19S72147
 20.4,359.15,-1.2800151478208857,2.433939444881297,2.75,0,19S7-21-47 12:00:00+00,1.1315,19S72147
 20.3,359.04999999999995,-1.1427811482240366,2.4241392796751087,2.68,0,19S7-21-47 12:00:00+00,1.1359000000000001,19S72147
 18.7,359.95,-0.5966796908733313,0.6603584984682985,0.89,0,19S7-21-47 12:00:00+00,1.4241,19S72147
 18.5,360.84999999999997,-0.5353960618720658,0.4352597579973171,0.69,0,19S7-21-47 12:00:00+00,1.4530999999999998,19S72147
 17.5,361.75,-0.8391948997474802,1.291259819028617,1.54,0,19S7-21-47 12:00:00+00,1.583,19S72147
 17.5,358.75,-1.2414143639171349,1.2895698418698445,1.79,0,19S7-21-47 12:00:00+00,1.6342,19S72147
 17.0,358.34999999999997,-1.6019632566812105,1.5513264402579263,2.23,0,19S7-21-47 12:00:00+00,1.7416,19S72147
 16.7,355.84999999999997,-1.9498868675439935,0.632804238117502,2.05,0,19S7-21-47 12:00:00+00,1.8554000000000002,19S72147
 15.6,356.04999999999995,-2.6856537638538835,-1.4243819223429748,3.04,0,19S7-21-47 12:00:00+00,2.0433,19S72147
 15.6,354.54999999999995,-2.471960892647973,-1.5729937524411968,2.93,0,19S7-21-47 12:00:00+00,2.0533,19S72147
 15.4,354.25,-2.6483010460119956,-1.4722097573687556,3.03,0,19S7-21-47 12:00:00+00,2.1083000000000003,19S72147
 15.2,353.75,-2.970146073342449,-1.294539417325109,3.24,0,19S7-21-47 12:00:00+00,2.1336999999999997,19S72147
 14.6,354.65,-3.056554921439117,-1.4428693676928326,3.38,0,19S7-21-47 12:00:00+00,2.2271,19S72147
 14.6,353.95,-3.2233792184496433,-1.4142936095687366,3.52,0,19S7-21-47 12:00:00+00,2.2429,19S72147
 14.1,353.75,-3.127835370915428,-1.407673929733143,3.43,0,19S7-21-47 12:00:00+00,2.3113,19S72147
 13.5,353.34999999999997,-2.76734056565029,-0.2650022522665277,2.78,0,19S7-21-47 12:00:00+00,2.4064,19S72147
 13.4,353.34999999999997,-2.658984486331666,-0.33496492569749575,2.68,0,19S7-21-47 12:00:00+00,2.4116999999999997,19S72147
 13.4,353.34999999999997,-2.4266304929567957,-0.33758621217736356,2.45,0,19S7-21-47 12:00:00+00,2.4223000000000003,19S72147
 13.2,352.75,-2.2751702587723694,-0.14832495945614696,2.28,0,19S7-21-47 12:00:00+00,2.5063000000000004,19S72147
 12.4,353.15,-2.748472138634804,-0.09165644084420432,2.75,0,19S7-21-47 12:00:00+00,2.6387,19S72147
 11.4,354.25,-3.085802428882288,-0.5241406012742861,3.13,0,19S7-21-47 12:00:00+00,2.7808,19S72147
 11.3,354.15,-2.919508516185145,-0.5453164438401027,2.97,0,19S7-21-47 12:00:00+00,2.7912,19S72147
 11.3,354.34999999999997,-2.9452804620861923,-0.5703709316342704,3.0,0,19S7-21-47 12:00:00+00,2.7963000000000005,19S72147
 11.0,354.95,-2.9341985815791185,-0.18460412741618112,2.94,0,19S7-21-47 12:00:00+00,2.8427,19S72147
 10.9,351.54999999999995,-2.5490181813047332,0.07075529222545436,2.55,0,19S7-21-47 12:00:00+00,2.8683,19S72147
 10.8,353.04999999999995,-2.4288666257332125,0.07420858709986916,2.43,0,19S7-21-47 12:00:00+00,2.8832,19S72147
 10.8,353.15,-2.309997150152315,0.0036285380227194758,2.31,0,19S7-21-47 12:00:00+00,2.8883,19S72147
  9.4,354.25,-2.491912164804117,0.20093223459977555,2.5,0,19S7-21-47 12:00:00+00,3.1146,19S72147
  9.4,352.04999999999995,-2.509996177052352,0.004380774198404328,2.51,0,19S7-21-47 12:00:00+00,3.1303,19S72147
  9.4,348.84999999999997,-2.8613729657360154,-0.32702408314232656,2.88,0,19S7-21-47 12:00:00+00,3.1616,19S72147
  8.8,353.25,-3.336125591678543,0.1608292154662502,3.34,0,19S7-21-47 12:00:00+00,3.2196,19S72147
  8.4,350.84999999999997,-3.753574852357138,0.5241906406567047,3.79,0,19S7-21-47 12:00:00+00,3.3224,19S72147
  8.1,352.04999999999995,-3.9056909820874366,0.6535885192082838,3.96,0,19S7-21-47 12:00:00+00,3.3628000000000005,19S72147
  7.7,352.75,-4.3277071893571515,1.078216343405361,4.46,0,19S7-21-47 12:00:00+00,3.4284000000000003,19S72147
  7.6,333.75,-5.079792581838025,1.6466047872830216,5.34,0,19S7-21-47 12:00:00+00,3.5358,19S72147
  6.5,345.75,-6.179703200069845,1.8822508756928542,6.46,0,19S7-21-47 12:00:00+00,3.7616,19S72147
  6.3,349.84999999999997,-5.956895911906545,2.0197750109136154,6.29,0,19S7-21-47 12:00:00+00,3.7908000000000004,19S72147
  6.2,348.34999999999997,-5.8342292120292925,2.068301114805111,6.19,0,19S7-21-47 12:00:00+00,3.8004000000000002,19S72147
  6.1,348.04999999999995,-5.463186335367957,2.382266791324774,5.96,0,19S7-21-47 12:00:00+00,3.8197,19S72147
  6.0,344.15,-5.407756909015315,2.283213790471039,5.87,0,19S7-21-47 12:00:00+00,3.8538,19S72147
  5.5,348.95,-5.287035009876655,1.8153128667914387,5.59,0,19S7-21-47 12:00:00+00,3.9115,19S72147
  5.0,356.65,-4.967324620611,1.0639953540649425,5.08,0,19S7-21-47 12:00:00+00,4.0336,19S72147
  4.8,353.95,-4.6940221982060955,0.847971463404524,4.77,0,19S7-21-47 12:00:00+00,4.0587,19S72147
  4.7,349.45,-4.90604938899465,0.4853652158377366,4.93,0,19S7-21-47 12:00:00+00,4.0891,19S72147
  4.7,348.34999999999997,-5.289605205503791,-0.06462793441845735,5.29,0,19S7-21-47 12:00:00+00,4.1251999999999995,19S72147
  4.2,354.95,-5.4899196437960835,-0.02970361361658329,5.49,0,19S7-21-47 12:00:00+00,4.2087,19S72147
  3.7,348.45,-5.2077068712219905,0.1545611316834275,5.21,0,19S7-21-47 12:00:00+00,4.3005,19S72147
  3.3,350.54999999999995,-6.479112745002202,0.7290391193550806,6.52,0,19S7-21-47 12:00:00+00,4.454,19S72147
  2.9,358.84999999999997,-7.056464667284826,0.949055530177689,7.12,0,19S7-21-47 12:00:00+00,4.5233,19S72147
  2.8,359.15,-7.140591466586281,1.1335137878804937,7.23,0,19S7-21-47 12:00:00+00,4.5383000000000004,19S72147
  2.6,358.34999999999997,-7.684320389575914,1.3383647299401824,7.8,0,19S7-21-47 12:00:00+00,4.585100000000001,19S72147
  0.9,365.95,-7.481893168215663,0.8498085780973171,7.53,0,19S7-21-47 12:00:00+00,4.7859,19S72147
  0.7,366.84999999999997,-7.307156004766405,0.8803812367413768,7.36,0,19S7-21-47 12:00:00+00,4.810300000000001,19S72147
  0.4,367.54999999999995,-6.952594491021402,0.49227009194023164,6.97,0,19S7-21-47 12:00:00+00,4.839300000000001,19S72147
 -0.1,367.04999999999995,-6.243857548935902,0.6727874170911274,6.28,0,19S7-21-47 12:00:00+00,4.9216999999999995,19S72147
 -0.8,357.04999999999995,-5.742831084178215,1.3957045312660086,5.91,0,19S7-21-47 12:00:00+00,5.0587,19S72147
 -3.5,340.54999999999995,-8.232582621844804,2.2707230950732225,8.54,0,19S7-21-47 12:00:00+00,5.4768,19S72147
 -3.5,342.34999999999997,-7.962959592047442,1.9573641805805135,8.2,0,19S7-21-47 12:00:00+00,5.5084,19S72147
 -3.5,341.84999999999997,-7.994715786136756,1.8677846500321635,8.21,0,19S7-21-47 12:00:00+00,5.5137,19S72147
 -3.8,334.95,-8.160008914125104,1.145362179137597,8.24,0,19S7-21-47 12:00:00+00,5.5556,19S72147
 -4.3,350.84999999999997,-9.031188220022555,-0.39904803536141237,9.04,0,19S7-21-47 12:00:00+00,5.6575,19S72147
 -4.1,360.45,-8.80400758971727,-1.4338236851861288,8.92,0,19S7-21-47 12:00:00+00,5.7168,19S72147
 -4.6,345.95,-8.130427578821253,-1.618717821469435,8.29,0,19S7-21-47 12:00:00+00,5.8431999999999995,19S72147
 -5.1,348.54999999999995,-8.365902188627121,0.8601049763394849,8.41,0,19S7-21-47 12:00:00+00,6.0478000000000005,19S72147
 -5.2,348.34999999999997,-8.298286517923698,0.9278689920704201,8.35,0,19S7-21-47 12:00:00+00,6.0525,19S72147
 -6.0,325.04999999999995,-8.802525224559835,1.7764992741309682,8.98,0,19S7-21-47 12:00:00+00,6.1843,19S72147
 -6.0,323.84999999999997,-8.80846555905534,1.6946487821775655,8.97,0,19S7-21-47 12:00:00+00,6.1887,19S72147
 -6.1,323.04999999999995,-8.910442354250488,1.7465443170956187,9.08,0,19S7-21-47 12:00:00+00,6.1931,19S72147
 -6.6,315.84999999999997,-8.859699323320829,1.6388495661129048,9.01,0,19S7-21-47 12:00:00+00,6.272,19S72147
 -7.1,339.45,-9.7314765476284,2.919582881673074,10.16,0,19S7-21-47 12:00:00+00,6.3399,19S72147
 -7.6,334.54999999999995,-10.738488346657322,3.320010245271074,11.24,0,19S7-21-47 12:00:00+00,6.4613000000000005,19S72147
 -7.9,324.95,-11.008839218633119,4.303238206082177,11.82,0,19S7-21-47 12:00:00+00,6.5246,19S72147
 -8.0,325.25,-10.978172329905062,4.326630593765416,11.8,0,19S7-21-47 12:00:00+00,6.5296,19S72147
 -8.1,321.45,-11.162475949316876,4.79808614771789,12.15,0,19S7-21-47 12:00:00+00,6.5595,19S72147
 -8.3,319.95,-11.289171628625546,5.528065117148681,12.57,0,19S7-21-47 12:00:00+00,6.5891,19S72147
-10.1,313.04999999999995,-9.55103448956374,8.551616231985852,12.82,0,19S7-21-47 12:00:00+00,6.9482,19S72147
-10.2,313.15,-9.270361620827392,8.26539747496093,12.42,0,19S7-21-47 12:00:00+00,6.9621,19S72147
-11.0,319.45,-9.212889428886147,7.500471209938608,11.88,0,19S7-21-47 12:00:00+00,7.0454,19S72147
-11.1,319.65,-9.204008566224385,7.447941078772585,11.84,0,19S7-21-47 12:00:00+00,7.0546999999999995,19S72147
-11.8,323.45,-8.928964794293357,6.711370031690237,11.17,0,19S7-21-47 12:00:00+00,7.1282,19S72147
-11.9,323.84999999999997,-8.968687711268139,6.5400795666220946,11.1,0,19S7-21-47 12:00:00+00,7.1458,19S72147
-12.4,324.95,-8.55396964317405,6.226235085800795,10.58,0,19S7-21-47 12:00:00+00,7.202800000000001,19S72147
-12.7,325.84999999999997,-8.830000624733275,6.201224795732689,10.79,0,19S7-21-47 12:00:00+00,7.2584,19S72147
-13.6,324.04999999999995,-9.846779188560548,6.31909325866701,11.7,0,19S7-21-47 12:00:00+00,7.3892,19S72147
-13.7,322.34999999999997,-9.806253687304793,5.988112275184992,11.49,0,19S7-21-47 12:00:00+00,7.416600000000001,19S72147
-14.3,301.65,-10.656307376744856,5.836575459319716,12.15,0,19S7-21-47 12:00:00+00,7.5183,19S72147
-14.7,296.95,-11.52625377984867,6.63592298045451,13.3,0,19S7-21-47 12:00:00+00,7.5942,19S72147
-15.1,294.95,-11.283201362474118,7.610615416236862,13.61,0,19S7-21-47 12:00:00+00,7.670100000000001,19S72147
-15.6,292.84999999999997,-11.976380824845938,9.031406442977888,15.0,0,19S7-21-47 12:00:00+00,7.7286,19S72147
-16.5,292.95,-12.196645673199697,10.677356148523808,16.21,0,19S7-21-47 12:00:00+00,7.8382,19S72147
-18.2,294.54999999999995,-12.186781045695577,12.080892671664419,17.16,0,19S7-21-47 12:00:00+00,8.0306,19S72147
-19.6,297.45,-12.497506761854744,13.313148565887596,18.26,0,19S7-21-47 12:00:00+00,8.1866,19S72147
-19.6,297.45,-12.61655902579248,13.407107754795376,18.41,0,19S7-21-47 12:00:00+00,8.194799999999999,19S72147
-20.2,298.25,-12.476484265579863,14.156773656830786,18.87,0,19S7-21-47 12:00:00+00,8.2478,19S72147
-20.3,298.54999999999995,-12.379993141565654,14.201456608911194,18.84,0,19S7-21-47 12:00:00+00,8.2599,19S72147
-22.8,300.34999999999997,-13.054131930290882,16.41129304919512,20.97,0,19S7-21-47 12:00:00+00,8.5224,19S72147
-22.9,300.04999999999995,-13.156730763378771,16.623490476430113,21.2,0,19S7-21-47 12:00:00+00,8.542700000000002,19S72147
-23.3,299.84999999999997,-13.53207432192551,17.091605089806055,21.8,0,19S7-21-47 12:00:00+00,8.5868,19S72147
-24.1,297.65,-14.971428866093916,17.156025696748355,22.77,0,19S7-21-47 12:00:00+00,8.6857,19S72147
-24.3,294.25,-15.047823116003826,17.062400753395192,22.75,0,19S7-21-47 12:00:00+00,8.7246,19S72147
-24.3,293.54999999999995,-15.07297057500734,17.066881907512073,22.77,0,19S7-21-47 12:00:00+00,8.7364,19S72147
-24.4,292.65,-15.03429000016719,17.167484503877464,22.82,0,19S7-21-47 12:00:00+00,8.7484,19S72147
-24.7,290.15,-15.004147732297925,16.605419321034294,22.38,0,19S7-21-47 12:00:00+00,8.8055,19S72147
-24.9,287.25,-14.700592047978708,15.852980585331744,21.62,0,19S7-21-47 12:00:00+00,8.842600000000001,19S72147
-25.5,283.34999999999997,-13.956259156163757,14.241714446161154,19.94,0,19S7-21-47 12:00:00+00,8.927100000000001,19S72147
-25.7,282.54999999999995,-13.531611592419534,13.465644719503677,19.09,0,19S7-21-47 12:00:00+00,8.9646,19S72147
-25.8,282.54999999999995,-13.30688029755189,12.895264120855584,18.53,0,19S7-21-47 12:00:00+00,8.981200000000001,19S72147
-26.1,288.54999999999995,-10.174957795426305,7.482455069112908,12.63,0,19S7-21-47 12:00:00+00,9.1923,19S72147
-26.3,290.34999999999997,-9.481021263100729,6.752765049121128,11.64,0,19S7-21-47 12:00:00+00,9.222100000000001,19S72147
-27.2,301.04999999999995,-8.440084641144296,5.455957409137299,10.05,0,19S7-21-47 12:00:00+00,9.3245,19S72147
-27.5,309.54999999999995,-7.891136202257812,4.826227246764926,9.25,0,19S7-21-47 12:00:00+00,9.409799999999999,19S72147
-27.6,309.34999999999997,-7.854608243838942,4.828408571757091,9.22,0,19S7-21-47 12:00:00+00,9.414,19S72147
-27.6,309.15,-7.737392659747043,4.67486415084894,9.04,0,19S7-21-47 12:00:00+00,9.431000000000001,19S72147
-28.2,307.45,-7.952019416458869,4.685967050701611,9.23,0,19S7-21-47 12:00:00+00,9.5154,19S72147
-28.3,307.25,-7.995693060397431,4.808096555177772,9.33,0,19S7-21-47 12:00:00+00,9.528,19S72147
-28.8,308.25,-8.026016444054695,5.897852154790219,9.96,0,19S7-21-47 12:00:00+00,9.6082,19S72147
-29.1,306.75,-8.009708928527283,6.804752962471916,10.51,0,19S7-21-47 12:00:00+00,9.6709,19S72147
-29.1,306.15,-7.987354550733427,6.676096709970431,10.41,0,19S7-21-47 12:00:00+00,9.6793,19S72147
-29.4,301.84999999999997,-7.583996381862377,7.533863476324638,10.69,0,19S7-21-47 12:00:00+00,9.7421,19S72147
-29.5,301.54999999999995,-7.5647105571771585,7.609734173158248,10.73,0,19S7-21-47 12:00:00+00,9.754700000000001,19S72147
-29.9,301.84999999999997,-7.578980049513135,7.930949590627966,10.97,0,19S7-21-47 12:00:00+00,9.797,19S72147
-30.1,301.95,-7.450055564446505,7.997597894784388,10.93,0,19S7-21-47 12:00:00+00,9.8055,19S72147
-30.6,301.25,-7.1648108385685045,7.3857691303974065,10.29,0,19S7-21-47 12:00:00+00,9.8832,19S72147
-30.6,300.95,-6.982269359137667,7.311635562338106,10.11,0,19S7-21-47 12:00:00+00,9.8919,19S72147
-30.6,301.25,-6.9375305808611225,7.146486510140264,9.96,0,19S7-21-47 12:00:00+00,9.9092,19S72147
-31.8,308.95,-6.03834686163175,6.235444425108926,8.68,0,19S7-21-47 12:00:00+00,10.0471,19S72147
-32.0,308.84999999999997,-5.838320295479132,6.150155780742181,8.48,0,19S7-21-47 12:00:00+00,10.0688,19S72147
-32.0,308.84999999999997,-5.7635395814961266,6.206650585664337,8.47,0,19S7-21-47 12:00:00+00,10.073200000000002,19S72147
-32.3,309.65,-5.539598890063893,6.287864831340039,8.38,0,19S7-21-47 12:00:00+00,10.107899999999999,19S72147
-33.3,309.54999999999995,-4.9340323698562525,6.561968041160419,8.21,0,19S7-21-47 12:00:00+00,10.216899999999999,19S72147
-33.5,308.65,-4.800662051395157,6.795295716029911,8.32,0,19S7-21-47 12:00:00+00,10.234399999999999,19S72147
-34.5,308.34999999999997,-5.5154320216082615,6.67649680708515,8.66,0,19S7-21-47 12:00:00+00,10.3523,19S72147
-34.8,308.54999999999995,-5.576445348307452,6.638686412035153,8.67,0,19S7-21-47 12:00:00+00,10.379299999999999,19S72147
-36.9,316.45,-5.04131376591494,6.731512126825334,8.41,0,19S7-21-47 12:00:00+00,10.592200000000002,19S72147
-38.1,331.65,-5.0941367700610805,5.381251765891618,7.41,0,19S7-21-47 12:00:00+00,10.7319,19S72147
-38.4,338.54999999999995,-5.104318797473,5.274611797446688,7.34,0,19S7-21-47 12:00:00+00,10.7771,19S72147
-38.5,338.95,-5.103593685983271,5.078713566287401,7.2,0,19S7-21-47 12:00:00+00,10.786200000000001,19S72147
-38.9,343.54999999999995,-5.0664661993551325,4.801179047983106,6.98,0,19S7-21-47 12:00:00+00,10.837100000000001,19S72147
-41.8,310.04999999999995,-3.569559577959528,0.05607512280320007,3.57,0,19S7-21-47 12:00:00+00,11.337700000000002,19S72147
-42.4,308.25,-3.338153024700176,0.2814860275130307,3.35,0,19S7-21-47 12:00:00+00,11.400200000000002,19S72147
-42.7,307.95,-3.5178251519988706,0.29292695329061563,3.53,0,19S7-21-47 12:00:00+00,11.432,19S72147
-43.2,307.54999999999995,-3.770762390768103,0.545390678659638,3.81,0,19S7-21-47 12:00:00+00,11.481700000000002,19S72147
-43.3,307.54999999999995,-3.6799031619627502,0.5447134279385404,3.72,0,19S7-21-47 12:00:00+00,11.4906,19S72147
-44.3,299.84999999999997,-2.643281496771673,0.6826147733711182,2.73,0,19S7-21-47 12:00:00+00,11.6273,19S72147
-44.6,298.34999999999997,-2.614369947265678,0.7506462408045881,2.72,0,19S7-21-47 12:00:00+00,11.6522,19S72147
-44.6,297.84999999999997,-2.5932521602267355,0.8206358714310334,2.72,0,19S7-21-47 12:00:00+00,11.6603,19S72147
-45.0,296.54999999999995,-2.483723741518094,0.7688409301145211,2.6,0,19S7-21-47 12:00:00+00,11.6968,19S72147
-45.4,295.75,-2.282290396025292,0.834296439049525,2.43,0,19S7-21-47 12:00:00+00,11.7377,19S72147
-45.5,295.45,-2.1505481064581264,0.7266655639352725,2.27,0,19S7-21-47 12:00:00+00,11.7582,19S72147
-45.9,295.04999999999995,-2.0905848700943612,0.6523456912807362,2.19,0,19S7-21-47 12:00:00+00,11.7914,19S72147
-45.9,295.15,-2.106260012815232,0.7014761281865403,2.22,0,19S7-21-47 12:00:00+00,11.7956,19S72147
-46.3,295.54999999999995,-2.174936131312433,0.7167655298015568,2.29,0,19S7-21-47 12:00:00+00,11.8396,19S72147
-47.3,297.15,-2.532992175872705,-0.370878196942958,2.56,0,19S7-21-47 12:00:00+00,11.9259,19S72147
-49.1,302.04999999999995,-4.921260524064245,-1.9943156355719902,5.31,0,19S7-21-47 12:00:00+00,12.1456,19S72147
-49.4,299.95,-5.7954514591735835,-2.0579704527428913,6.15,0,19S7-21-47 12:00:00+00,12.2098,19S72147
-49.6,298.04999999999995,-6.220015146843221,-2.1465813688376474,6.58,0,19S7-21-47 12:00:00+00,12.2373,19S72147
-50.0,295.54999999999995,-6.852474166829927,-2.274202671911301,7.22,0,19S7-21-47 12:00:00+00,12.2835,19S72147
-50.0,295.15,-6.867274513658709,-2.3244441817461543,7.25,0,19S7-21-47 12:00:00+00,12.2881,19S72147
-50.0,294.65,-6.858071233700626,-2.412417657348737,7.27,0,19S7-21-47 12:00:00+00,12.292700000000002,19S72147
-50.3,292.84999999999997,-7.002298286595963,-2.330712059765265,7.38,0,19S7-21-47 12:00:00+00,12.3286,19S72147
-50.9,291.75,-7.0438326297047515,-2.202004061010481,7.38,0,19S7-21-47 12:00:00+00,12.400500000000001,19S72147
-51.7,294.75,-7.011588502026394,-2.2376833284116096,7.36,0,19S7-21-47 12:00:00+00,12.4762,19S72147
-51.9,296.04999999999995,-7.055298647251263,-2.19883173482977,7.39,0,19S7-21-47 12:00:00+00,12.4982,19S72147
-51.9,296.04999999999995,-7.120707094681717,-2.121421804297642,7.43,0,19S7-21-47 12:00:00+00,12.502600000000001,19S72147
-54.9,311.04999999999995,-7.074028675752418,-3.6277566476587837,7.95,0,19S7-21-47 12:00:00+00,12.8325,19S72147
-55.2,312.15,-7.226409517128567,-3.725037649575328,8.13,0,19S7-21-47 12:00:00+00,12.856700000000002,19S72147
-55.2,312.45,-7.218170176639493,-3.719196055745404,8.12,0,19S7-21-47 12:00:00+00,12.8615,19S72147
-55.6,313.84999999999997,-7.461121891161251,-3.6132755396225105,8.29,0,19S7-21-47 12:00:00+00,12.895299999999999,19S72147
-58.6,308.75,-8.384826804346673,-3.0137649976581726,8.91,0,19S7-21-47 12:00:00+00,13.257700000000002,19S72147
-59.8,306.15,-8.957389549924047,-2.9797269087806475,9.44,0,19S7-21-47 12:00:00+00,13.3803,19S72147
-60.0,305.45,-9.168191466788992,-2.846799119765481,9.6,0,19S7-21-47 12:00:00+00,13.4075,19S72147
-61.0,304.45,-9.881656824734717,-2.5684544765624726,10.21,0,19S7-21-47 12:00:00+00,13.5044,19S72147
-61.8,303.84999999999997,-10.090231789846449,-2.435492235087627,10.38,0,19S7-21-47 12:00:00+00,13.600100000000001,19S72147
-62.1,304.25,-10.215143949601016,-2.0560238541733273,10.42,0,19S7-21-47 12:00:00+00,13.6348,19S72147
-62.8,303.45,-10.121857693616057,-2.1127226107999686,10.34,0,19S7-21-47 12:00:00+00,13.7011,19S72147
-64.1,303.15,-11.167249072066646,-2.241572698447822,11.39,0,19S7-21-47 12:00:00+00,13.8526,19S72147
-65.5,303.04999999999995,-12.027587154414153,-3.5125556569215575,12.53,0,19S7-21-47 12:00:00+00,13.9839,19S72147
-66.0,303.54999999999995,-12.308270584765518,-3.961234051680851,12.93,0,19S7-21-47 12:00:00+00,14.0479,19S72147
-67.1,305.04999999999995,-12.468780357924018,-4.57033000841823,13.28,0,19S7-21-47 12:00:00+00,14.167700000000002,19S72147
-67.1,305.15,-12.51918376959623,-4.519528486809034,13.31,0,19S7-21-47 12:00:00+00,14.172600000000001,19S72147
-67.1,305.25,-12.44041711433214,-4.589512176847557,13.26,0,19S7-21-47 12:00:00+00,14.1775,19S72147
-67.3,305.25,-12.348536176939255,-4.720387090782118,13.22,0,19S7-21-47 12:00:00+00,14.1921,19S72147
-68.0,305.95,-12.419393540089594,-4.814671753752363,13.32,0,19S7-21-47 12:00:00+00,14.283100000000001,19S72147
-68.1,305.95,-12.550910648272092,-4.722577887032696,13.41,0,19S7-21-47 12:00:00+00,14.2974,19S72147
-68.3,306.04999999999995,-12.61415600753174,-4.638606279654578,13.44,0,19S7-21-47 12:00:00+00,14.326,19S72147
-69.1,306.65,-12.579093251563247,-4.380503734557929,13.32,0,19S7-21-47 12:00:00+00,14.4049,19S72147
-69.2,306.84999999999997,-12.644715065513983,-4.2505036068639805,13.34,0,19S7-21-47 12:00:00+00,14.418600000000001,19S72147
-69.5,306.65,-13.329242814217444,-3.165641483117224,13.7,0,19S7-21-47 12:00:00+00,14.4907,19S72147
-69.7,306.75,-13.500655140531759,-2.9066150031322335,13.81,0,19S7-21-47 12:00:00+00,14.5253,19S72147
-70.6,307.04999999999995,-13.889877571663662,-0.9152600964724511,13.92,0,19S7-21-47 12:00:00+00,14.654200000000001,19S72147
-71.0,307.25,-13.808969355010843,-0.16871678153476294,13.81,0,19S7-21-47 12:00:00+00,14.7051,19S72147
-72.0,307.25,-13.388975584660024,1.279778415733669,13.45,0,19S7-21-47 12:00:00+00,14.8085,19S72147
-72.2,307.25,-13.332731102112453,1.6134377455493105,13.43,0,19S7-21-47 12:00:00+00,14.8369,19S72147
-72.6,307.34999999999997,-13.63653093464013,2.744653724716983,13.91,0,19S7-21-47 12:00:00+00,14.890799999999999,19S72147
-73.6,307.65,-14.003409458009038,4.94237023616635,14.85,0,19S7-21-47 12:00:00+00,15.0172,19S72147
-73.7,307.65,-13.91606319290201,5.125630225753502,14.83,0,19S7-21-47 12:00:00+00,15.0287,19S72147
-74.7,307.84999999999997,-13.86677434277547,5.926125996512729,15.08,0,19S7-21-47 12:00:00+00,15.164,19S72147
-75.0,307.84999999999997,-14.122083455322713,6.364499892442494,15.49,0,19S7-21-47 12:00:00+00,15.199700000000002,19S72147
-75.5,307.84999999999997,-14.09525984598001,6.302162317356129,15.44,0,19S7-21-47 12:00:00+00,15.246200000000002,19S72147
-78.4,307.54999999999995,-18.814994058251127,6.135152694756244,19.79,0,19S7-21-47 12:00:00+00,15.5893,19S72147
-78.8,307.34999999999997,-19.185617940791968,5.719481115447568,20.02,0,19S7-21-47 12:00:00+00,15.6334,19S72147
-78.9,307.45,-19.209361634219498,5.744817282192358,20.05,440,19S7-21-47 12:00:00+00,15.6389,19S72147
-79.3,307.75,-19.729033881180854,5.642306453500905,20.52,0,19S7-21-47 12:00:00+00,15.7038,19S72147
-79.7,307.75,-21.876004989057396,4.062376855824187,22.25,0,19S7-21-47 12:00:00+00,15.8657,19S72147
-79.9,307.84999999999997,-23.748013898105434,3.4686936871668532,24.0,0,19S7-21-47 12:00:00+00,15.9134,19S72147
-80.4,308.45,-25.036513649746038,2.865830467086355,25.2,0,19S7-21-47 12:00:00+00,15.9914,19S72147
-80.5,308.65,-25.32907520490426,2.675602598351286,25.47,0,19S7-21-47 12:00:00+00,16.006,19S72147
-80.7,308.84999999999997,-25.654123460170137,3.0091276959192124,25.83,0,19S7-21-47 12:00:00+00,16.0254,19S72147
-80.9,308.95,-26.065152005040066,2.8453911777040095,26.22,0,19S7-21-47 12:00:00+00,16.058600000000002,19S72147
-81.2,309.15,-26.807240921307844,2.7702588664163006,26.95,0,19S7-21-47 12:00:00+00,16.106,19S72147
-81.2,309.04999999999995,-27.193699797446403,2.8245869302189277,27.34,0,19S7-21-47 12:00:00+00,16.1154,19S72147
-81.3,308.75,-27.434039616223828,2.631932813629848,27.56,0,19S7-21-47 12:00:00+00,16.1344,19S72147
-81.3,308.34999999999997,-27.9224829270323,2.4527224036954824,28.03,0,19S7-21-47 12:00:00+00,16.1813,19S72147
-81.8,309.04999999999995,-29.604933242937978,2.4964029484812365,29.71,0,19S7-21-47 12:00:00+00,16.2958,19S72147
-82.2,308.75,-30.388201190996547,1.390549666684441,30.42,0,19S7-21-47 12:00:00+00,16.374200000000002,19S72147
-83.3,308.75,-31.33064468974228,0.765704463304149,31.34,0,19S7-21-47 12:00:00+00,16.5118,19S72147
-83.3,,-31.283251478844917,0.6498283706850584,31.29,221,19S7-21-47 12:00:00+00,16.5299,19S72147
-83.5,308.25,-31.85953367055432,0.17237834787328274,31.86,0,19S7-21-47 12:00:00+00,16.6525,19S72147
-83.4,308.25,-32.22999558198135,-0.016875587766444367,32.23,0,19S7-21-47 12:00:00+00,16.687099999999997,19S72147
-83.5,308.34999999999997,-34.69793071823766,-1.70915296927443,34.74,0,19S7-21-47 12:00:00+00,16.8553,19S72147
-84.1,307.95,-35.17731241080148,-2.8179410130221534,35.29,0,19S7-21-47 12:00:00+00,16.937099999999997,19S72147
-84.2,307.95,-35.163876308849105,-2.86010540644234,35.28,0,19S7-21-47 12:00:00+00,16.9462,19S72147
-84.3,308.25,-34.934982990992374,-2.958135125222221,35.06,0,19S7-21-47 12:00:00+00,16.969,19S72147
-84.9,308.54999999999995,-34.13881588771461,-3.5218815688101603,34.32,8000,19S7-21-47 12:00:00+00,17.1052,19S72147
-84.9,308.34999999999997,-33.89516677968549,-3.5445830470317885,34.08,0,19S7-21-47 12:00:00+00,17.1188,19S72147
-84.9,308.04999999999995,-33.73294298592308,-3.5573807089575413,33.92,0,19S7-21-47 12:00:00+00,17.1417,19S72147
-85.4,307.75,-33.17812788883274,-2.9610690286211625,33.31,0,19S7-21-47 12:00:00+00,17.2201,19S72147
-85.4,307.84999999999997,-33.0897323756455,-3.3611324443047947,33.26,0,19S7-21-47 12:00:00+00,17.224700000000002,19S72147
-85.7,307.84999999999997,-31.624216414342328,-2.9336898573027983,31.76,0,19S7-21-47 12:00:00+00,17.316200000000002,19S72147
-85.7,307.75,-31.59717877842989,-1.9934626266724815,31.66,0,19S7-21-47 12:00:00+00,17.3346,19S72147
-85.8,307.65,-30.063979864375145,-2.863060375620085,30.2,0,19S7-21-47 12:00:00+00,17.412599999999998,19S72147
-86.0,307.25,-28.44825708681246,-3.130665859306078,28.62,0,19S7-21-47 12:00:00+00,17.461000000000002,19S72147
-86.1,307.75,-27.712919890201892,-2.8589633014875018,27.86,0,19S7-21-47 12:00:00+00,17.4947,19S72147
-85.6,307.84999999999997,-25.834751921552037,-2.6469781169974476,25.97,0,19S7-21-47 12:00:00+00,17.5808,19S72147
-84.9,307.54999999999995,-23.33842996373405,-3.7006197896947715,23.63,0,19S7-21-47 12:00:00+00,17.649,19S72147
-84.5,307.65,-23.103410568134375,-3.4528278439877025,23.36,0,19S7-21-47 12:00:00+00,17.6655,19S72147
-84.1,307.65,-22.482536560061316,-3.412206005725076,22.74,0,19S7-21-47 12:00:00+00,17.6737,19S72147
-81.8,307.34999999999997,-20.85780016904321,-3.120940901116385,21.09,0,19S7-21-47 12:00:00+00,17.718700000000002,19S72147
-80.2,307.75,-19.18426782299998,-2.3691281297995266,19.33,0,19S7-21-47 12:00:00+00,17.7817,19S72147
-79.1,308.15,-14.991909162570535,-1.0693734900555674,15.03,0,19S7-21-47 12:00:00+00,17.8678,19S72147
-78.0,310.25,-13.96698699774572,-0.29012791110483294,13.97,0,19S7-21-47 12:00:00+00,17.907700000000002,19S72147
-76.3,308.65,-9.358922385384728,3.4656848939776164,9.98,0,19S7-21-47 12:00:00+00,18.044400000000003,19S72147
-76.0,308.45,-8.363752062605554,4.355749239253945,9.43,0,19S7-21-47 12:00:00+00,18.0803,19S72147
-73.9,306.65,-4.469805986932206,7.707719146361329,8.91,0,19S7-21-47 12:00:00+00,18.451900000000002,19S72147
-73.8,306.25,-4.2411496291299065,7.354777346958319,8.49,0,19S7-21-47 12:00:00+00,18.4776,19S72147
-72.5,305.45,-4.01800570672395,4.589730944263919,6.1,0,19S7-21-47 12:00:00+00,18.5687,19S72147
-71.7,303.84999999999997,-1.5292914577088597,-2.040531214507318,2.55,0,19S7-21-47 12:00:00+00,18.7608,19S72147
-71.9,303.75,-0.7342993665946329,-2.4837279320043733,2.59,0,19S7-21-47 12:00:00+00,18.787599999999998,19S72147
-72.0,303.45,-0.7648311278733162,-3.024803025956572,3.12,0,19S7-21-47 12:00:00+00,18.8035,19S72147
-72.2,303.34999999999997,1.4723139447644884,-4.273487059539554,4.52,0,19S7-21-47 12:00:00+00,18.8752,19S72147
-71.7,302.15,3.1628458854701433,-4.729958340700749,5.69,0,19S7-21-47 12:00:00+00,18.9546,19S72147
-71.8,302.04999999999995,3.465440427496689,-4.812028952892071,5.93,0,19S7-21-47 12:00:00+00,18.9696,19S72147
-72.0,301.75,4.600369404384741,-4.274927057062001,6.28,0,19S7-21-47 12:00:00+00,18.999599999999997,19S72147
-72.7,300.15,8.659816829579118,-2.1800166233628286,8.93,0,19S7-21-47 12:00:00+00,19.1515,19S72147
-72.8,299.95,8.951160591725133,-2.036939876664738,9.18,0,19S7-21-47 12:00:00+00,19.1674,19S72147
-71.6,297.84999999999997,10.859243420949454,3.4364127116174505,11.39,0,19S7-21-47 12:00:00+00,19.423000000000002,19S72147
-71.7,297.25,9.322420222349264,4.426610576720467,10.32,0,19S7-21-47 12:00:00+00,19.5016,19S72147
-71.7,297.25,9.03969898205513,4.45984779043315,10.08,0,19S7-21-47 12:00:00+00,19.513099999999998,19S72147
-71.7,296.84999999999997,8.550314544655603,4.298490570822604,9.57,0,19S7-21-47 12:00:00+00,19.5365,19S72147
-71.6,296.04999999999995,7.1866522554099594,3.843764997994928,8.15,440,19S7-21-47 12:00:00+00,19.6241,19S72147
-71.7,295.45,5.769768460654685,3.6362304534276255,6.82,0,19S7-21-47 12:00:00+00,19.6768,19S72147
-71.8,295.15,5.166910955578116,3.462864591220229,6.22,0,19S7-21-47 12:00:00+00,19.693900000000003,19S72147
-72.6,294.75,2.7316534963508676,1.6667540838030312,3.2,0,19S7-21-47 12:00:00+00,19.814700000000002,19S72147
-72.6,294.75,2.6409886634258863,1.67990442575045,3.13,0,19S7-21-47 12:00:00+00,19.8201,19S72147
-72.6,294.34999999999997,2.397192682186924,1.8857272455128447,3.05,0,19S7-21-47 12:00:00+00,19.8573,19S72147
-72.6,294.34999999999997,2.403201413576762,1.974011896059052,3.11,0,19S7-21-47 12:00:00+00,19.8627,19S72147
-72.5,294.25,2.395132981160429,2.0305019090258343,3.14,0,19S7-21-47 12:00:00+00,19.8732,19S72147
-72.4,293.95,2.21805030432937,1.8837072085290725,2.91,0,19S7-21-47 12:00:00+00,19.899700000000003,19S72147
-72.4,293.25,2.2536603751735984,1.995273142547755,3.01,0,19S7-21-47 12:00:00+00,19.9958,19S72147
-72.4,292.34999999999997,2.962791451851363,2.0799679836085203,3.62,0,19S7-21-47 12:00:00+00,20.115099999999998,19S72147
-72.3,292.25,3.067740826375013,2.086400302480795,3.71,0,19S7-21-47 12:00:00+00,20.148200000000003,19S72147
-71.6,291.65,3.830879667233777,1.9309223120505978,4.29,0,19S7-21-47 12:00:00+00,20.2213,19S72147
-71.6,291.45,4.189687909631463,1.6961471692892507,4.52,0,19S7-21-47 12:00:00+00,20.238200000000003,19S72147
-71.6,291.15,4.269309654389067,2.059270520096936,4.74,0,19S7-21-47 12:00:00+00,20.2945,19S72147
-71.7,291.15,5.6684674100648476,1.1800750912686515,5.79,0,19S7-21-47 12:00:00+00,20.3871,19S72147
-71.5,290.65,6.152274403347502,0.9810299006223743,6.23,0,19S7-21-47 12:00:00+00,20.4448,19S72147
-71.3,290.15,5.722054462700835,1.9023650348672476,6.03,0,19S7-21-47 12:00:00+00,20.496,19S72147
-71.3,289.95,5.7872688358306235,1.9904570886667365,6.12,0,19S7-21-47 12:00:00+00,20.5408,19S72147
-70.5,289.25,5.489420447469104,3.050354594290326,6.28,0,19S7-21-47 12:00:00+00,20.627299999999998,19S72147
-70.0,289.04999999999995,4.726595853711365,3.8084369018901354,6.07,0,19S7-21-47 12:00:00+00,20.6948,19S72147
-69.6,288.75,4.3647816369683525,4.570676236792962,6.32,0,19S7-21-47 12:00:00+00,20.735400000000002,19S72147
-69.2,288.34999999999997,4.81495263775399,4.744874191818567,6.76,0,19S7-21-47 12:00:00+00,20.785700000000002,19S72147
-69.0,287.75,3.478559358140225,5.4434570625563925,6.46,0,19S7-21-47 12:00:00+00,20.8893,19S72147
-67.6,,0.9779593727027218,6.0514870457882415,6.13,221,19S7-21-47 12:00:00+00,21.0473,19S72147
-66.3,285.95,-0.28830348609064965,6.373482650788969,6.38,0,19S7-21-47 12:00:00+00,21.154799999999998,19S72147
-65.7,284.65,1.9863261938332355,5.481186755775794,5.83,0,19S7-21-47 12:00:00+00,21.344,19S72147
-65.6,284.45,1.9090260931848642,5.5191683590500595,5.84,0,19S7-21-47 12:00:00+00,21.3675,19S72147
-65.1,284.45,1.8794509731432771,5.243335201906397,5.57,0,19S7-21-47 12:00:00+00,21.4101,19S72147
-64.3,283.75,2.428023512235173,4.347999749773818,4.98,0,19S7-21-47 12:00:00+00,21.5068,19S72147
-64.3,283.75,2.4501014574284135,4.392937837974397,5.03,0,19S7-21-47 12:00:00+00,21.5134,19S72147
-64.4,283.54999999999995,2.572514093799463,3.606531746318494,4.43,0,19S7-21-47 12:00:00+00,21.546200000000002,19S72147
-64.5,,2.447581273142624,3.7761549109327506,4.5,661,19S7-21-47 12:00:00+00,21.5592,19S72147
-64.6,,2.344931982396738,3.6638496145356325,4.35,8000,19S7-21-47 12:00:00+00,21.5849,19S72147
-64.6,282.75,1.9110279547585334,4.051959051635569,4.48,0,19S7-21-47 12:00:00+00,21.616400000000002,19S72147
-64.6,282.34999999999997,1.6997422458426517,3.5877257835149248,3.97,0,19S7-21-47 12:00:00+00,21.6617,19S72147
-64.7,282.15,0.9324324046049823,2.5870967919354255,2.75,0,19S7-21-47 12:00:00+00,21.745900000000002,19S72147
-64.9,281.54999999999995,1.571503884104125,1.9827444470343747,2.53,0,19S7-21-47 12:00:00+00,21.833900000000003,19S72147
-64.9,281.45,1.6714188347048364,2.1711653734789356,2.74,0,19S7-21-47 12:00:00+00,21.8401,19S72147
-64.8,281.34999999999997,1.4146195619876787,2.381543930907383,2.77,0,19S7-21-47 12:00:00+00,21.8522,19S72147
-64.4,281.15,1.5248187314897086,2.710540137333907,3.11,0,19S7-21-47 12:00:00+00,21.8762,19S72147
-62.9,280.04999999999995,0.5769693143345438,4.018794148785967,4.06,0,19S7-21-47 12:00:00+00,22.019900000000003,19S72147
-62.7,279.75,0.4521061169222946,4.537532375536448,4.56,0,19S7-21-47 12:00:00+00,22.0383,19S72147
-61.9,279.65,-0.443634419785742,5.060591714570675,5.08,0,19S7-21-47 12:00:00+00,22.1601,19S72147
-61.9,279.04999999999995,-1.0649871046958077,4.94665568508984,5.06,0,19S7-21-47 12:00:00+00,22.2193,19S72147
-61.9,279.04999999999995,-1.098663903540088,4.785502860416871,4.91,0,19S7-21-47 12:00:00+00,22.225900000000003,19S72147
-61.9,277.75,-0.49743945557996216,5.166106269525659,5.19,0,19S7-21-47 12:00:00+00,22.3912,19S72147
-61.6,276.04999999999995,-1.71757090414699,5.151198907946352,5.43,0,19S7-21-47 12:00:00+00,22.7422,19S72147
-59.7,274.54999999999995,-2.2102878393871834,2.9172294505330116,3.66,0,19S7-21-47 12:00:00+00,23.0944,19S72147
-57.8,273.84999999999997,2.156390223535166,3.055745605223373,3.74,0,19S7-21-47 12:00:00+00,23.3205,19S72147
-57.0,273.54999999999995,2.1713005285453644,3.020571802612648,3.72,0,19S7-21-47 12:00:00+00,23.3654,19S72147
-56.4,274.15,3.489550099485277,0.05603662358045038,3.49,0,19S7-21-47 12:00:00+00,23.5893,19S72147
-56.4,274.15,3.6059029140986483,-0.17194235689577625,3.61,0,19S7-21-47 12:00:00+00,23.6018,19S72147
-56.6,274.15,5.00977660226284,-3.135321099252801,5.91,0,19S7-21-47 12:00:00+00,23.7767,19S72147
-56.7,274.15,4.70350150713606,-3.237464065031271,5.71,8000,19S7-21-47 12:00:00+00,23.789,19S72147
-56.9,274.15,4.3782005458774105,-4.418117243813109,6.22,0,19S7-21-47 12:00:00+00,23.8571,19S72147
-57.0,274.15,3.9130709559694803,-4.640342195738166,6.07,0,19S7-21-47 12:00:00+00,23.926099999999998,19S72147
-57.0,274.15,4.764242841060423,-4.837984099953668,6.79,0,19S7-21-47 12:00:00+00,24.005599999999998,19S72147
-57.0,274.15,4.629665105680979,-4.745850925728697,6.63,0,19S7-21-47 12:00:00+00,24.017400000000002,19S72147
-57.0,274.15,4.989070179261248,-4.531752282109664,6.74,440,19S7-21-47 12:00:00+00,24.0291,19S72147
-56.4,274.15,9.25606687343293,-0.2698629921600207,9.26,0,19S7-21-47 12:00:00+00,24.2265,19S72147
-56.2,274.15,9.3908909723649,0.8579433228106712,9.43,0,19S7-21-47 12:00:00+00,24.2638,19S72147
-56.0,274.15,9.277086149240237,1.7462166473765295,9.44,0,19S7-21-47 12:00:00+00,24.2885,19S72147
-55.5,274.15,8.755208746955189,3.6354806831063438,9.48,0,19S7-21-47 12:00:00+00,24.367900000000002,19S72147
-56.4,274.15,5.2477588578045,6.9766701921715075,8.73,0,19S7-21-47 12:00:00+00,24.5506,19S72147
-56.4,274.15,5.306727265232573,6.856204907413227,8.67,0,19S7-21-47 12:00:00+00,24.556900000000002,19S72147
-56.5,274.15,5.215903073841396,7.08761984902491,8.8,0,19S7-21-47 12:00:00+00,24.5695,19S72147
-56.6,274.15,5.2224880770250035,7.206637099600041,8.9,0,19S7-21-47 12:00:00+00,24.6266,19S72147
-56.6,274.15,0.029052626681721472,5.739926475564203,5.74,0,19S7-21-47 12:00:00+00,25.0283,19S72147
-56.6,274.15,-0.29795569488002643,5.762301832070978,5.77,0,19S7-21-47 12:00:00+00,25.0404,19S72147
-56.6,274.15,-0.5989991724624617,5.980075249642708,6.01,0,19S7-21-47 12:00:00+00,25.058200000000003,19S72147
-56.1,274.15,-2.4537042744211157,6.395454271096584,6.85,0,19S7-21-47 12:00:00+00,25.142599999999998,19S72147
-56.8,274.15,-7.426806249385522,-0.21782776243665827,7.43,8000,19S7-21-47 12:00:00+00,25.2053,19S72147
-55.3,274.15,-3.896459983732961,6.641355252895883,7.7,0,19S7-21-47 12:00:00+00,25.2563,19S72147
-55.2,274.15,-3.946824526683124,6.866511206979315,7.92,0,19S7-21-47 12:00:00+00,25.3131,19S72147
-55.3,274.15,-4.1366563923202175,6.553668735286846,7.75,0,19S7-21-47 12:00:00+00,25.434700000000003,19S72147
-55.3,274.15,-4.54858230766884,6.53238080567583,7.96,0,19S7-21-47 12:00:00+00,25.4725,19S72147
-54.8,274.15,-4.701152345905156,6.472956559454918,8.0,0,19S7-21-47 12:00:00+00,25.509400000000003,19S72147
-54.0,274.15,-6.924192867834084,5.639189048882436,8.93,0,19S7-21-47 12:00:00+00,25.5882,19S72147
-54.2,274.15,-8.424789179991329,5.256217962822796,9.93,0,19S7-21-47 12:00:00+00,25.662599999999998,19S72147
-53.5,274.15,-13.770706275085185,5.819806584872856,14.95,0,19S7-21-47 12:00:00+00,25.905900000000003,19S72147
-53.5,274.15,-13.556231898982057,5.813009263799719,14.75,0,19S7-21-47 12:00:00+00,25.9488,19S72147
-53.4,274.15,-13.54882634160841,6.151723723066416,14.88,0,19S7-21-47 12:00:00+00,26.09,19S72147
-53.1,274.15,-13.488182986507713,4.309816669242893,14.16,0,19S7-21-47 12:00:00+00,26.2437,19S72147
-52.3,274.15,-13.719407224625975,2.8386555629171757,14.01,0,19S7-21-47 12:00:00+00,26.355,19S72147
-52.1,274.15,-17.66888056956997,0.8641524276843988,17.69,0,19S7-21-47 12:00:00+00,26.5743,19S72147
-52.0,274.15,-18.107857511213904,1.5014647360408855,18.17,0,19S7-21-47 12:00:00+00,26.624599999999997,19S72147
-51.4,274.15,-19.438226176224447,2.8080176498631197,19.64,0,19S7-21-47 12:00:00+00,26.6872,19S72147
-52.3,274.15,-23.783282695946323,3.2917418192653223,24.01,0,19S7-21-47 12:00:00+00,27.0118,19S72147
-52.3,274.15,-23.82389240253047,2.550245241668143,23.96,0,19S7-21-47 12:00:00+00,27.0362,19S72147
-50.7,274.15,-24.372907073657576,2.8588460572147687,24.54,0,19S7-21-47 12:00:00+00,27.2287,19S72147
-50.4,274.15,-22.608718611359443,-0.24071300830880552,22.61,0,19S7-21-47 12:00:00+00,27.3,19S72147
-49.7,274.15,-20.090108683212893,-1.9026121771643123,20.18,0,19S7-21-47 12:00:00+00,27.3923,19S72147
-49.6,274.15,-20.828122125695646,-3.1834303380327715,21.07,0,19S7-21-47 12:00:00+00,27.556400000000004,19S72147
-49.4,274.15,-20.300495409202192,-2.853048569681342,20.5,0,19S7-21-47 12:00:00+00,27.595200000000002,19S72147
-49.3,274.15,-20.1304679646014,-2.6180640798415786,20.3,0,19S7-21-47 12:00:00+00,27.6143,19S72147
-49.4,274.15,-22.19675711980127,-1.6767746910517782,22.26,0,19S7-21-47 12:00:00+00,27.704400000000003,19S72147
-49.4,274.15,-21.226618285111712,-1.3577835535022134,21.27,0,19S7-21-47 12:00:00+00,27.8217,19S72147
-49.5,274.15,-21.05055534514893,-1.8305790506890731,21.13,0,19S7-21-47 12:00:00+00,27.841,19S72147
-49.6,274.15,-20.881603476281175,-1.5627655804253113,20.94,0,19S7-21-47 12:00:00+00,27.860200000000003,19S72147
-49.7,274.15,-20.69042324707775,-2.0323596770219177,20.79,0,19S7-21-47 12:00:00+00,27.9052,19S72147
-49.8,274.15,-20.727604572991947,-3.1125566124463213,20.96,0,19S7-21-47 12:00:00+00,27.9376,19S72147
-49.8,274.15,-20.577447840572933,-2.9652555317375877,20.79,0,19S7-21-47 12:00:00+00,27.9635,19S72147
-49.7,274.15,-20.7526903420623,-3.584612052436647,21.06,0,19S7-21-47 12:00:00+00,27.976599999999998,19S72147
-49.5,274.15,-21.045457113693658,-4.197658260945156,21.46,0,19S7-21-47 12:00:00+00,28.048099999999998,19S72147
-49.4,274.15,-20.933323180063237,-4.725206941397092,21.46,0,19S7-21-47 12:00:00+00,28.0669,19S72147
-49.1,274.15,-21.89066661826414,-4.8891323369301425,22.43,0,19S7-21-47 12:00:00+00,28.153900000000004,19S72147
-48.9,274.15,-22.598746050868375,-4.737591891284119,23.09,0,19S7-21-47 12:00:00+00,28.1791,19S72147
-48.7,274.15,-23.09625424078525,-3.695286192571473,23.39,0,19S7-21-47 12:00:00+00,28.257900000000003,19S72147
-48.7,274.15,-23.76657364345597,-2.791930738787045,23.93,0,19S7-21-47 12:00:00+00,28.353900000000003,19S72147
-48.7,274.15,-23.87001685655648,-2.5888984660874037,24.01,0,19S7-21-47 12:00:00+00,28.374900000000004,19S72147
-49.0,274.15,-23.571892675002665,-2.4608688949547344,23.7,0,19S7-21-47 12:00:00+00,28.5341,19S72147
-49.3,274.15,-22.208317195888423,-3.967902131707205,22.56,0,19S7-21-47 12:00:00+00,28.7858,19S72147
-49.2,274.15,-23.658234246166295,0.28905423976194955,23.66,0,19S7-21-47 12:00:00+00,28.983400000000003,19S72147
-49.0,274.15,-23.85531328278166,0.8372145366278589,23.87,0,19S7-21-47 12:00:00+00,29.026,19S72147
-48.5,274.15,-22.529938613552982,2.1257389467040126,22.63,0,19S7-21-47 12:00:00+00,29.1217,19S72147
-48.2,274.15,-22.94293961777913,2.601849668013294,23.09,0,19S7-21-47 12:00:00+00,29.1801,19S72147
-48.3,274.15,-22.969017269630964,-0.2124750982928299,22.97,0,19S7-21-47 12:00:00+00,29.415,19S72147
-48.7,274.15,-23.63793794945858,-0.7552413505270626,23.65,0,19S7-21-47 12:00:00+00,29.5461,19S72147
-48.7,274.15,-25.358765308325008,-2.031408879889022,25.44,0,19S7-21-47 12:00:00+00,29.6936,19S72147
-48.5,274.15,-26.392563200169004,-0.6265841723861786,26.4,0,19S7-21-47 12:00:00+00,29.7501,19S72147
-48.5,274.15,-26.646489424521825,-0.4325521342525019,26.65,0,19S7-21-47 12:00:00+00,29.758,19S72147
-48.5,274.15,-26.89731193464137,-0.38027712342308245,26.9,0,19S7-21-47 12:00:00+00,29.765700000000002,19S72147
-48.6,274.15,-28.180210769087907,0.7428465587064415,28.19,0,19S7-21-47 12:00:00+00,29.9221,19S72147
-48.6,274.15,-27.882258578780036,0.6570818412093817,27.89,0,19S7-21-47 12:00:00+00,29.937700000000003,19S72147
-48.6,274.15,-27.705258010274033,0.5126193364930394,27.71,0,19S7-21-47 12:00:00+00,29.953200000000002,19S72147
-48.3,274.15,-27.393015493740997,2.1847430420224927,27.48,0,19S7-21-47 12:00:00+00,30.1398,19S72147
-48.1,274.15,-27.25474335246438,2.5091561910926727,27.37,0,19S7-21-47 12:00:00+00,30.2568,19S72147
-47.7,274.15,-28.012343119112927,2.8799710028204393,28.16,0,19S7-21-47 12:00:00+00,30.3785,19S72147
-46.6,274.15,-30.662845042647458,3.482748037195645,30.86,0,19S7-21-47 12:00:00+00,30.652900000000002,19S72147
-44.0,274.15,-33.489987247954076,0.02922553461522129,33.49,0,19S7-21-47 12:00:00+00,30.9011,19S72147
-45.8,274.15,-32.060173372647476,5.014756555984131,32.45,0,19S7-21-47 12:00:00+00,30.964000000000002,19S72147
-43.9,274.15,-33.68994868720866,-0.05880011264711243,33.69,0,19S7-21-47 12:00:00+00,30.9749,19S72147
-43.8,274.15,-33.8899256709398,-0.07097899812862979,33.89,0,19S7-21-47 12:00:00+00,31.0473,19S72147
-45.8,274.15,-32.28788713285837,6.2118229607579,32.88,0,19S7-21-47 12:00:00+00,31.224,19S72147
-45.7,274.15,-32.780893894137634,6.134777542934217,33.35,0,19S7-21-47 12:00:00+00,31.3348,19S72147
-45.7,274.15,-33.14081855282179,5.831693206003142,33.65,0,19S7-21-47 12:00:00+00,31.348599999999998,19S72147
-45.8,274.15,-33.18994052277134,6.445459494473718,33.81,0,19S7-21-47 12:00:00+00,31.4458,19S72147
-45.8,274.15,-33.50368426956976,5.961882283724145,34.03,0,19S7-21-47 12:00:00+00,31.511,19S72147
-45.7,274.15,-34.92482380363691,5.7191592288479445,35.39,0,19S7-21-47 12:00:00+00,31.5805,19S72147
-45.6,274.15,-35.13530729029579,5.414118729441304,35.55,0,19S7-21-47 12:00:00+00,31.6247,19S72147
-45.5,274.15,-35.43827613174265,5.92397542283555,35.93,0,19S7-21-47 12:00:00+00,31.631,19S72147
-45.5,274.15,-35.648860146874355,6.3500291517908485,36.21,0,19S7-21-47 12:00:00+00,31.6436,19S72147
-45.6,274.15,-36.025925464401325,5.609304273561921,36.46,0,19S7-21-47 12:00:00+00,31.7075,19S72147
-45.6,274.15,-36.6281406129929,5.232524747654818,37.0,0,19S7-21-47 12:00:00+00,31.7396,19S72147
-40.5,274.15,-35.59996877113706,-0.8451766052527204,35.61,0,19S7-21-47 12:00:00+00,31.758599999999998,19S72147
-45.3,274.15,-37.2628737484622,4.6347319238728675,37.55,0,19S7-21-47 12:00:00+00,31.8243,19S72147
-44.6,274.15,-37.30648997009789,4.441925946139298,37.57,0,19S7-21-47 12:00:00+00,31.928900000000002,19S72147
-44.2,274.15,-36.949074091723624,4.046581738247525,37.17,0,19S7-21-47 12:00:00+00,32.0137,19S72147
-44.2,274.15,-36.86895048482808,3.855566125395195,37.07,0,19S7-21-47 12:00:00+00,32.0271,19S72147
-44.1,274.15,-36.917259704022435,3.4702069024427264,37.08,0,19S7-21-47 12:00:00+00,32.0337,19S72147
-43.6,274.15,-37.00764359144299,4.498079124329467,37.28,0,19S7-21-47 12:00:00+00,32.141200000000005,19S72147
-43.2,274.15,-37.54279204962873,3.7538866682857703,37.73,0,19S7-21-47 12:00:00+00,32.3633,19S72147
-43.1,274.15,-37.97855992710395,3.1624493455822558,38.11,0,19S7-21-47 12:00:00+00,32.3976,19S72147
-42.8,274.15,-37.995392506273994,2.037804773322928,38.05,0,19S7-21-47 12:00:00+00,32.4525,19S72147
-42.6,274.15,-38.468615496746764,1.2828568756703314,38.49,0,19S7-21-47 12:00:00+00,32.473,19S72147
-40.4,274.15,-35.75366485759947,-4.0293733074085685,35.98,0,19S7-21-47 12:00:00+00,32.5893,19S72147
-41.6,274.15,-39.03916090001292,-0.9200088167524736,39.05,0,19S7-21-47 12:00:00+00,32.6577,19S72147
-40.3,274.15,-35.68525610672943,-3.920777550069583,35.9,0,19S7-21-47 12:00:00+00,32.6777,19S72147
-41.4,274.15,-39.00662882054625,-1.02142452297321,39.02,0,19S7-21-47 12:00:00+00,32.685,19S72147
-40.3,274.15,-35.784881649424,-4.020241950022046,36.01,0,19S7-21-47 12:00:00+00,32.823699999999995,19S72147
-41.3,274.15,-38.48646374912669,-2.212376117923121,38.55,0,19S7-21-47 12:00:00+00,32.8287,19S72147
-40.3,274.15,-35.77983969179185,-4.152525933654922,36.02,0,19S7-21-47 12:00:00+00,32.8391,19S72147
-40.3,274.15,-35.78498517057378,-4.279770594531231,36.04,0,19S7-21-47 12:00:00+00,32.85380000000001,19S72147
-41.1,274.15,-37.72426146309258,-1.8582241695306627,37.77,0,19S7-21-47 12:00:00+00,32.8996,19S72147
-40.3,274.15,-35.71919443282213,-4.2402887956186355,35.97,440,19S7-21-47 12:00:00+00,32.9581,19S72147
-40.7,274.15,-36.74845657716623,-2.5954843856452583,36.84,0,19S7-21-47 12:00:00+00,32.982,19S72147
